id,name,salary
6521474227,Hill,3632
3674474808,Ricky,1282
0318420716,Bil,6971
5947364328,Randal,3852
6781726692,Toni,548
9484107656,Hans,5871
8418871326,Kale,6840
3625811693,Ingram,1275
5180322111,Tobey,6961
5136385316,Mercedes,4383
5631728745,Stephenie,1746
3607896976,Ollie,4598
3547076064,Tiffie,3538
0604884990,Isadore,1884
2227772883,Sydney,6495
7251220504,Cindelyn,1348
7761588600,Abdul,3202
2022374355,Abigale,4697
6285195196,Dorey,1098
1045306606,Olag,1835
6292766519,Carly,3334
2583329618,Barbara,2651
1853953881,Petrina,1016
7873716775,Gualterio,4430
9203364315,Myles,5423
9010793605,Mindy,3194
9435322964,Astrid,6979
2984606396,Chantalle,2599
8114671041,Karlotte,4899
2741302219,Candace,5061
5879687910,Hall,3583
4122616204,Marylin,4599
2108795634,Culley,373
6712873487,Boone,1101
0328005223,Lynnett,5848
6795894975,Adela,278
4734634696,Kirk,2697
1139297716,Willa,5087
1462634451,Antonina,4425
2450766014,Kirsten,3406
0016049047,Tarrance,6726
3378806486,Hasheem,6433
7289254244,Evelyn,6437
2346542113,Issie,1761
8954630790,Eberto,3127
5238349335,Valery,5319
1128668335,Elvin,1951
6134612561,Karen,6972
1391369785,Jonell,4641
0063159953,Reeta,5044
3544468832,Dara,622
0415672864,Blake,6667
0649590406,Loydie,6053
6221919843,Thia,871
5744625623,Boonie,2265
0174589131,Ingrid,3155
1533755051,Whittaker,5924
1311025413,Asa,4616
1524716464,Marietta,2106
3320817310,Tilly,3004
1681754908,Rodina,388
0078452902,Enriqueta,4775
3631608624,Stanleigh,482
0976546574,Alwyn,98
1484962133,Fan,6308
4185615450,Elna,3004
3791897128,Babita,5342
1155852745,Briano,1650
1174764740,Justina,6515
3124196600,Marna,2811
3546736974,Lonni,6390
8387218944,Marti,314
7318345303,Brant,4858
9272028329,Alva,2873
5136806958,Carolyn,638
1659372712,Luigi,5909
1488748772,Donny,2749
7219514697,Kial,3816
0841604487,Archambault,5734
5991931283,Marcia,5131
2386753158,Roxine,1362
1406262064,Tremayne,6916
6051926372,Gloriana,3167
6647158154,Ilise,215
3329060069,Zed,3316
4365780395,Jordanna,2669
0225463563,Geordie,6553
6618289181,Alli,2989
4306464121,Inglis,5230
7400419188,Rosanne,6945
6153299598,Josie,6441
7578125273,Willie,2829
8510591172,Meris,3876
3559796180,Catriona,4751
1000556948,Joseito,4545
0816270058,Dewie,1076
8509037175,Thatch,2462
7065261603,Minetta,862
0868971251,Vin,3452
2838107518,Cairistiona,3697
