email,name,cc1,cc2
brelph0@clickbank.net,Barbi,3581778177379726,676764335709410628
jlaxtonne1@google.de,Jaquenetta,3538698760114302,374283788579928
hsurgener2@delicious.com,Heall,3575914993741041,4130993711961442
pbahls3@youku.com,Pansy,3541613306185927,490532838505237886
afarryn4@ihg.com,Annetta,4017955087259,374283740582408
abigglestone5@apache.org,Alida,3572560250642498,3539643147609532
mbaldoni6@oracle.com,Margarete,201703257764809,NULL
ovannuchi7@sphinn.com,Olivero,675909187030366112,NULL
hgirhard8@pinterest.com,Harrison,3533048079761267,NULL
dbarratt9@telegraph.co.uk,Doralynn,3571108232171326,6331101001256261362
ltrimmilla@comsenz.com,Llewellyn,3551407248211967,4410443571728896
wavrahamovb@goodreads.com,Werner,3530046398363107,NULL
cgowlettc@purevolume.com,Cornell,676744799643763829,3567434827970781
lsauvend@ox.ac.uk,Lorelle,5602235965530614,6759731692588916
arealffe@meetup.com,Ashlin,3544028519645319,NULL
oventrisf@marriott.com,Oliviero,3529687085487742,6372266693997359
icallingtong@sciencedirect.com,Ingamar,560222718819661416,560224028078725185
lewdaleh@hugedomains.com,Livvyy,5100145432809433,5468031209040814
jsafelli@infoseek.co.jp,Jojo,560221230054842926,5528379193506805
aseaversj@stanford.edu,Amory,4844279078205608,NULL
dburndredk@sun.com,Davidde,201532137328513,3528119247428811
jkinzettl@mozilla.org,Janenna,3574164639881972,NULL
cvasyaginm@creativecommons.org,Camile,3572086605597112,5602220306862967
cbaudetn@google.com.br,Chicky,3561288921371528,4405886188492685
wyakuntzovo@is.gd,Wini,3578944617682419,5100174523488261
cnavanp@sogou.com,Cary,374288242003753,NULL
sjillittq@wufoo.com,Spencer,5330002940815547,3536012964698205
lordemannr@youtube.com,Lionello,3556094715490434,3544380516262907
cskelhorns@bigcartel.com,Corabelle,5108754231760630,5552156798546520
smcdouglet@goo.gl,Sal,30570260476557,375862862071214
mdarganu@clickbank.net,Maurise,201762540164532,NULL
odrohunv@ebay.com,Olav,6709051621285316593,5602244728177747
pbillsberryw@ameblo.jp,Perl,3559209637359759,3546308829848797
acorhardx@rambler.ru,Ardis,5048379190877176,3529821899074632
lshutery@vistaprint.com,Lilian,3576325984020759,NULL
ahellardz@slideshare.net,Allene,630462478877004625,36961733454681
kbenoit10@deviantart.com,Kev,3587438283861604,3584335471732980
mpattlel11@thetimes.co.uk,Manuel,5559830219700253,3557518463969214
ckornyshev12@weibo.com,Chrysa,3541512477036408,NULL
mhagan13@4shared.com,Mariejeanne,675918092755250054,3528288895946117
htuison14@behance.net,Humbert,5610181944520526,4936673711041990416
fwathell15@diigo.com,Fransisco,493674910572529263,67061145504087162
alevet16@ask.com,Ashlie,3559480321852132,5007667131588749
agianettini17@hao123.com,Adrianna,3582582836670627,3583261556453717
bcyster18@tmall.com,Barde,3574250807281465,3584880468723591
hjansey19@whitehouse.gov,Humfried,3587683349906543,560223748583070238
rburland1a@exblog.jp,Rabi,4346546113708,5423140095431963
skorn1b@craigslist.org,Sascha,5610271589649944,4175006781655368
cogrady1c@hubpages.com,Cleopatra,5602225963598457,3556489779856167
jreily1d@blogtalkradio.com,Jenine,5602211047276666,633110895057514455
kattock1e@home.pl,Kayle,3537040165690829,3588329432750849
oeccles1f@furl.net,Odelia,3563883176671719,4041590712105
bcote1g@hubpages.com,Bree,50383835253591433,201865733639259
yclacson1h@paypal.com,Yorgos,5100137283230892,3587520287187621
dvarnals1i@blog.com,Delly,5548344065666083,3533425420643230
anice1j@discovery.com,Antonio,3572984133718293,5010127374773099
hbatecok1k@reference.com,Hyacintha,3547257271910432,3586494134705400
ekochs1l@nih.gov,Else,374622108364851,36326248461284
ihastelow1m@nhs.uk,Ingram,6706635849999468,NULL
otoner1n@amazonaws.com,Orsola,3573197980816073,NULL
rdowse1o@yahoo.com,Rhody,6767250834660749,3537255286889023
agookey1p@disqus.com,Ara,5602221927724843946,3560069973268650
adannehl1q@irs.gov,Amby,4508893251986656,5100143643519255
csimpkin1r@mysql.com,Cathleen,4913576244466816,NULL
kgrowcock1s@godaddy.com,Kaitlynn,490353795345683255,3567960310965839
gbendtsen1t@homestead.com,Grover,3547896664593857,NULL
mronchi1u@earthlink.net,Meryl,6374592814242732,5100173153256204
cjanecek1v@chron.com,Catherine,3529339176563839,3574681623558787
kjirzik1w@friendfeed.com,Katti,67068532254232218,5602258900256516533
smacardle1x@digg.com,Shaylah,6759352844387899,NULL
zruzek1y@hc360.com,Zaria,3564497052876471,NULL
cfinley1z@newyorker.com,Corey,3541489174246020,NULL
dsoutter20@huffingtonpost.com,Davie,3532581472943109,201907109331309
jliversidge21@freewebs.com,Janella,5602251412350795,4017958507634220
dgillcrist22@rediff.com,Damian,5038922148682967754,3555485783039718
kmackim23@auda.org.au,Kiah,6706024897276089,3551585761485801
cpitkins24@t.co,Claire,3563657343116646,3577447665171369
mgeddis25@w3.org,Murray,3529121267637114,4905879503543766
ephillps26@globo.com,Eddy,5409939250905390,NULL
hacomb27@washingtonpost.com,Honor,4175002933371533,NULL
ecastaignet28@shutterfly.com,Emmaline,3572444812609198,4041372567545
skelsey29@myspace.com,Starlin,5221846817396466,NULL
bhenricsson2a@gmpg.org,Bunni,5602246496895152,374622278385157
drawll2b@marketwatch.com,Dorene,201588497583741,3539714443765631
ntrimmill2c@fastcompany.com,Nevile,4508153990313393,3582095093081511
acuppitt2d@sciencedirect.com,Alfie,4844163641750359,3556498952450128
fwanless2e@tiny.cc,Forrester,4508229920099078,NULL
dmckennan2f@vinaora.com,Darryl,6388905022919335,NULL
qpavlata2g@eventbrite.com,Quinn,5602237622119364325,NULL
rlambdean2h@pen.io,Robina,3543803330816484,5541611704888741
rmccollum2i@google.fr,Raphael,3586972814481178,NULL
cpellissier2j@geocities.jp,Ciro,3528580596183408,490373909207418876
tballeine2k@usatoday.com,Trstram,6304302944969950736,201843763042660
rcarberry2l@skype.com,Raphael,5602248285641904575,3536542356478386
jvokins2m@shareasale.com,Jaquelin,3570446759528853,4175003851489018
kbausmann2n@bloomberg.com,Kary,4305599725321,3559644559255546
dbrassill2o@lycos.com,Delmar,3559376875688940,5100144734551686
bfyndon2p@hugedomains.com,Brnaba,6767073670288374317,3536587275882572
gdowning2q@squidoo.com,Guendolen,3545087714852707,201585060386692
ddegowe2r@wiley.com,Douglas,3536790455632953,3534591962091168
